date,product_id,sales
2023-01-01,SKU001,100
2023-01-02,SKU001,105
2023-01-03,SKU001,98
2023-01-04,SKU001,110
2023-01-05,SKU001,115
2023-01-06,SKU001,108
2023-01-07,SKU001,120
2023-01-08,SKU001,112
2023-01-09,SKU001,125
2023-01-10,SKU001,118
2023-01-11,SKU001,130
2023-01-12,SKU001,122
2023-01-13,SKU001,135
2023-01-14,SKU001,128
2023-01-15,SKU001,140
2023-01-16,SKU001,132
2023-01-17,SKU001,145
2023-01-18,SKU001,138
2023-01-19,SKU001,150
2023-01-20,SKU001,142
2023-01-21,SKU001,155
2023-01-22,SKU001,148
2023-01-23,SKU001,160
2023-01-24,SKU001,152
2023-01-25,SKU001,165
2023-01-26,SKU001,158
2023-01-27,SKU001,170
2023-01-28,SKU001,162
2023-01-29,SKU001,175
2023-01-30,SKU001,168
2023-01-31,SKU001,180
2023-02-01,SKU001,172
2023-02-02,SKU001,185
2023-02-03,SKU001,178
2023-02-04,SKU001,190
2023-02-05,SKU001,182
2023-02-06,SKU001,195
2023-02-07,SKU001,188
2023-02-08,SKU001,200
2023-02-09,SKU001,192
2023-02-10,SKU001,205
2023-02-11,SKU001,198
2023-02-12,SKU001,210
2023-02-13,SKU001,202
2023-02-14,SKU001,215
2023-02-15,SKU001,208
2023-02-16,SKU001,220
2023-02-17,SKU001,212
2023-02-18,SKU001,225
2023-02-19,SKU001,218
2023-02-20,SKU001,230
2023-02-21,SKU001,222
2023-02-22,SKU001,235
2023-02-23,SKU001,228
2023-02-24,SKU001,240
2023-02-25,SKU001,232
2023-02-26,SKU001,245
2023-02-27,SKU001,238
2023-02-28,SKU001,250
2023-03-01,SKU001,242
2023-03-02,SKU001,255
2023-03-03,SKU001,248
2023-03-04,SKU001,260
2023-03-05,SKU001,252
2023-03-06,SKU001,265
2023-03-07,SKU001,258
2023-03-08,SKU001,270
2023-03-09,SKU001,262
2023-03-10,SKU001,275
2023-03-11,SKU001,268
2023-03-12,SKU001,280
2023-03-13,SKU001,272
2023-03-14,SKU001,285
2023-03-15,SKU001,278
2023-03-16,SKU001,290
2023-03-17,SKU001,282
2023-03-18,SKU001,295
2023-03-19,SKU001,288
2023-03-20,SKU001,300
2023-03-21,SKU001,292
2023-03-22,SKU001,305
2023-03-23,SKU001,298
2023-03-24,SKU001,310
2023-03-25,SKU001,302
2023-03-26,SKU001,315
2023-03-27,SKU001,308
2023-03-28,SKU001,320
2023-03-29,SKU001,312
2023-03-30,SKU001,325
2023-03-31,SKU001,318
2023-04-01,SKU001,330
2023-04-02,SKU001,322
2023-04-03,SKU001,335
2023-04-04,SKU001,328
2023-04-05,SKU001,340
2023-04-06,SKU001,332
2023-04-07,SKU001,345
2023-04-08,SKU001,338
2023-04-09,SKU001,350
2023-04-10,SKU001,342
2023-04-11,SKU001,355
2023-04-12,SKU001,348
2023-04-13,SKU001,360
2023-04-14,SKU001,352
2023-04-15,SKU001,365
2023-04-16,SKU001,358
2023-04-17,SKU001,370
2023-04-18,SKU001,362
2023-04-19,SKU001,375
2023-04-20,SKU001,368
2023-04-21,SKU001,380
2023-04-22,SKU001,372
2023-04-23,SKU001,385
2023-04-24,SKU001,378
2023-04-25,SKU001,390
2023-04-26,SKU001,382
2023-04-27,SKU001,395
2023-04-28,SKU001,388
2023-04-29,SKU001,400
2023-04-30,SKU001,392
